Code Domaine,Domaine,Code zone (M49),Zone,Code Élément,Élément,Code Produit (FAO),Produit,Code année,Année,Unité,Valeur,Symbole,Description du Symbole
"TCL","Cultures et produits animaux","004","Afghanistan","5609","Importations - Quantité","1057","Poulets","2020","2020","1000 têtes","31341","T","Chiffre non officiel"
"TCL","Cultures et produits animaux","004","Afghanistan","5622","Importations - Valeur","1057","Poulets","2020","2020","1000 US$","10666","T","Chiffre non officiel"
"TCL","Cultures et produits animaux","710","Afrique du Sud","5609","Importations - Quantité","1057","Poulets","2020","2020","1000 têtes","431","A","Chiffre officiel"
"TCL","Cultures et produits animaux","710","Afrique du Sud","5622","Importations - Valeur","1057","Poulets","2020","2020","1000 US$","11057","A","Chiffre officiel"
"TCL","Cultures et produits animaux","710","Afrique du Sud","5909","Exportations - Quantité","1057","Poulets","2020","2020","1000 têtes","10900","A","Chiffre officiel"
"TCL","Cultures et produits animaux","710","Afrique du Sud","5922","Exportations - Valeur","1057","Poulets","2020","2020","1000 US$","9447","A","Chiffre officiel"
"TCL","Cultures et produits animaux","008","Albanie","5609","Importations - Quantité","1057","Poulets","2020","2020","1000 têtes","644","A","Chiffre officiel"
"TCL","Cultures et produits animaux","008","Albanie","5622","Importations - Valeur","1057","Poulets","2020","2020","1000 US$","4591","A","Chiffre officiel"
"TCL","Cultures et produits animaux","012","Algérie","5609","Importations - Quantité","1057","Poulets","2020","2020","1000 têtes","5248","T","Chiffre non officiel"
"TCL","Cultures et produits animaux","012","Algérie","5622","Importations - Valeur","1057","Poulets","2020","2020","1000 US$","26988","T","Chiffre non officiel"
"TCL","Cultures et produits animaux","276","Allemagne","5609","Importations - Quantité","1057","Poulets","2020","2020","1000 têtes","148774","A","Chiffre officiel"
"TCL","Cultures et produits animaux","276","Allemagne","5622","Importations - Valeur","1057","Poulets","2020","2020","1000 US$","167632","A","Chiffre officiel"
"TCL","Cultures et produits animaux","276","Allemagne","5909","Exportations - Quantité","1057","Poulets","2020","2020","1000 têtes","256019","A","Chiffre officiel"
"TCL","Cultures et produits animaux","276","Allemagne","5922","Exportations - Valeur","1057","Poulets","2020","2020","1000 US$","504633","A","Chiffre officiel"
"TCL","Cultures et produits animaux","024","Angola","5609","Importations - Quantité","1057","Poulets","2020","2020","1000 têtes","306","I","Valeur imputée"
"TCL","Cultures et produits animaux","024","Angola","5622","Importations - Valeur","1057","Poulets","2020","2020","1000 US$","349","A","Chiffre officiel"
"TCL","Cultures et produits animaux","024","Angola","5909","Exportations - Quantité","1057","Poulets","2020","2020","1000 têtes","0","A","Chiffre officiel"
"TCL","Cultures et produits animaux","024","Angola","5922","Exportations - Valeur","1057","Poulets","2020","2020","1000 US$","0","A","Chiffre officiel"
"TCL","Cultures et produits animaux","028","Antigua-et-Barbuda","5609","Importations - Quantité","1057","Poulets","2020","2020","1000 têtes","77","T","Chiffre non officiel"
"TCL","Cultures et produits animaux","028","Antigua-et-Barbuda","5622","Importations - Valeur","1057","Poulets","2020","2020","1000 US$","136","T","Chiffre non officiel"
"TCL","Cultures et produits animaux","028","Antigua-et-Barbuda","5909","Exportations - Quantité","1057","Poulets","2020","2020","1000 têtes","0","T","Chiffre non officiel"
"TCL","Cultures et produits animaux","028","Antigua-et-Barbuda","5922","Exportations - Valeur","1057","Poulets","2020","2020","1000 US$","9","T","Chiffre non officiel"
"TCL","Cultures et produits animaux","682","Arabie saoudite","5609","Importations - Quantité","1057","Poulets","2020","2020","1000 têtes","126","A","Chiffre officiel"
"TCL","Cultures et produits animaux","682","Arabie saoudite","5622","Importations - Valeur","1057","Poulets","2020","2020","1000 US$","18466","A","Chiffre officiel"
"TCL","Cultures et produits animaux","682","Arabie saoudite","5909","Exportations - Quantité","1057","Poulets","2020","2020","1000 têtes","4000","E","Valeur estimée"
"TCL","Cultures et produits animaux","682","Arabie saoudite","5922","Exportations - Valeur","1057","Poulets","2020","2020","1000 US$","11476","A","Chiffre officiel"
"TCL","Cultures et produits animaux","032","Argentine","5609","Importations - Quantité","1057","Poulets","2020","2020","1000 têtes","750","E","Valeur estimée"
"TCL","Cultures et produits animaux","032","Argentine","5622","Importations - Valeur","1057","Poulets","2020","2020","1000 US$","17236","A","Chiffre officiel"
"TCL","Cultures et produits animaux","051","Arménie","5609","Importations - Quantité","1057","Poulets","2020","2020","1000 têtes","718","I","Valeur imputée"
"TCL","Cultures et produits animaux","051","Arménie","5622","Importations - Valeur","1057","Poulets","2020","2020","1000 US$","2832","A","Chiffre officiel"
"TCL","Cultures et produits animaux","036","Australie","5909","Exportations - Quantité","1057","Poulets","2020","2020","1000 têtes","192","A","Chiffre officiel"
"TCL","Cultures et produits animaux","036","Australie","5922","Exportations - Valeur","1057","Poulets","2020","2020","1000 US$","1104","A","Chiffre officiel"
"TCL","Cultures et produits animaux","040","Autriche","5609","Importations - Quantité","1057","Poulets","2020","2020","1000 têtes","21569","A","Chiffre officiel"
"TCL","Cultures et produits animaux","040","Autriche","5622","Importations - Valeur","1057","Poulets","2020","2020","1000 US$","43446","A","Chiffre officiel"
"TCL","Cultures et produits animaux","040","Autriche","5909","Exportations - Quantité","1057","Poulets","2020","2020","1000 têtes","11841","A","Chiffre officiel"
"TCL","Cultures et produits animaux","040","Autriche","5922","Exportations - Valeur","1057","Poulets","2020","2020","1000 US$","16453","A","Chiffre officiel"
"TCL","Cultures et produits animaux","031","Azerbaïdjan","5609","Importations - Quantité","1057","Poulets","2020","2020","1000 têtes","381","A","Chiffre officiel"
"TCL","Cultures et produits animaux","031","Azerbaïdjan","5622","Importations - Valeur","1057","Poulets","2020","2020","1000 US$","5575","A","Chiffre officiel"
"TCL","Cultures et produits animaux","044","Bahamas","5609","Importations - Quantité","1057","Poulets","2020","2020","1000 têtes","34","A","Chiffre officiel"
"TCL","Cultures et produits animaux","044","Bahamas","5622","Importations - Valeur","1057","Poulets","2020","2020","1000 US$","45","A","Chiffre officiel"
"TCL","Cultures et produits animaux","048","Bahreïn","5609","Importations - Quantité","1057","Poulets","2020","2020","1000 têtes","6","A","Chiffre officiel"
"TCL","Cultures et produits animaux","048","Bahreïn","5622","Importations - Valeur","1057","Poulets","2020","2020","1000 US$","191","A","Chiffre officiel"
"TCL","Cultures et produits animaux","050","Bangladesh","5609","Importations - Quantité","1057","Poulets","2020","2020","1000 têtes","3017","T","Chiffre non officiel"
"TCL","Cultures et produits animaux","050","Bangladesh","5622","Importations - Valeur","1057","Poulets","2020","2020","1000 US$","21814","T","Chiffre non officiel"
"TCL","Cultures et produits animaux","052","Barbade","5909","Exportations - Quantité","1057","Poulets","2020","2020","1000 têtes","44","A","Chiffre officiel"
"TCL","Cultures et produits animaux","052","Barbade","5922","Exportations - Valeur","1057","Poulets","2020","2020","1000 US$","650","A","Chiffre officiel"
"TCL","Cultures et produits animaux","112","Bélarus","5609","Importations - Quantité","1057","Poulets","2020","2020","1000 têtes","6228","I","Valeur imputée"
"TCL","Cultures et produits animaux","112","Bélarus","5622","Importations - Valeur","1057","Poulets","2020","2020","1000 US$","11469","A","Chiffre officiel"
"TCL","Cultures et produits animaux","112","Bélarus","5909","Exportations - Quantité","1057","Poulets","2020","2020","1000 têtes","721","I","Valeur imputée"
"TCL","Cultures et produits animaux","112","Bélarus","5922","Exportations - Valeur","1057","Poulets","2020","2020","1000 US$","1695","A","Chiffre officiel"
"TCL","Cultures et produits animaux","056","Belgique","5609","Importations - Quantité","1057","Poulets","2020","2020","1000 têtes","142038","A","Chiffre officiel"
"TCL","Cultures et produits animaux","056","Belgique","5622","Importations - Valeur","1057","Poulets","2020","2020","1000 US$","200401","A","Chiffre officiel"
"TCL","Cultures et produits animaux","056","Belgique","5909","Exportations - Quantité","1057","Poulets","2020","2020","1000 têtes","126208","A","Chiffre officiel"
"TCL","Cultures et produits animaux","056","Belgique","5922","Exportations - Valeur","1057","Poulets","2020","2020","1000 US$","155737","A","Chiffre officiel"
"TCL","Cultures et produits animaux","084","Belize","5609","Importations - Quantité","1057","Poulets","2020","2020","1000 têtes","140","I","Valeur imputée"
"TCL","Cultures et produits animaux","084","Belize","5622","Importations - Valeur","1057","Poulets","2020","2020","1000 US$","731","A","Chiffre officiel"
"TCL","Cultures et produits animaux","204","Bénin","5609","Importations - Quantité","1057","Poulets","2020","2020","1000 têtes","160","A","Chiffre officiel"
"TCL","Cultures et produits animaux","204","Bénin","5622","Importations - Valeur","1057","Poulets","2020","2020","1000 US$","701","A","Chiffre officiel"
"TCL","Cultures et produits animaux","204","Bénin","5909","Exportations - Quantité","1057","Poulets","2020","2020","1000 têtes","0","A","Chiffre officiel"
"TCL","Cultures et produits animaux","204","Bénin","5922","Exportations - Valeur","1057","Poulets","2020","2020","1000 US$","0","A","Chiffre officiel"
"TCL","Cultures et produits animaux","064","Bhoutan","5609","Importations - Quantité","1057","Poulets","2020","2020","1000 têtes","118","T","Chiffre non officiel"
"TCL","Cultures et produits animaux","064","Bhoutan","5622","Importations - Valeur","1057","Poulets","2020","2020","1000 US$","97","T","Chiffre non officiel"
"TCL","Cultures et produits animaux","068","Bolivie (État plurinational de)","5609","Importations - Quantité","1057","Poulets","2020","2020","1000 têtes","1693","I","Valeur imputée"
"TCL","Cultures et produits animaux","068","Bolivie (État plurinational de)","5622","Importations - Valeur","1057","Poulets","2020","2020","1000 US$","9355","A","Chiffre officiel"
"TCL","Cultures et produits animaux","070","Bosnie-Herzégovine","5609","Importations - Quantité","1057","Poulets","2020","2020","1000 têtes","33376","A","Chiffre officiel"
"TCL","Cultures et produits animaux","070","Bosnie-Herzégovine","5622","Importations - Valeur","1057","Poulets","2020","2020","1000 US$","3162","A","Chiffre officiel"
"TCL","Cultures et produits animaux","070","Bosnie-Herzégovine","5909","Exportations - Quantité","1057","Poulets","2020","2020","1000 têtes","7094","A","Chiffre officiel"
"TCL","Cultures et produits animaux","070","Bosnie-Herzégovine","5922","Exportations - Valeur","1057","Poulets","2020","2020","1000 US$","1096","A","Chiffre officiel"
"TCL","Cultures et produits animaux","072","Botswana","5609","Importations - Quantité","1057","Poulets","2020","2020","1000 têtes","1613","A","Chiffre officiel"
"TCL","Cultures et produits animaux","072","Botswana","5622","Importations - Valeur","1057","Poulets","2020","2020","1000 US$","3491","A","Chiffre officiel"
"TCL","Cultures et produits animaux","076","Brésil","5609","Importations - Quantité","1057","Poulets","2020","2020","1000 têtes","21","A","Chiffre officiel"
"TCL","Cultures et produits animaux","076","Brésil","5622","Importations - Valeur","1057","Poulets","2020","2020","1000 US$","1028","A","Chiffre officiel"
"TCL","Cultures et produits animaux","076","Brésil","5909","Exportations - Quantité","1057","Poulets","2020","2020","1000 têtes","24256","A","Chiffre officiel"
"TCL","Cultures et produits animaux","076","Brésil","5922","Exportations - Valeur","1057","Poulets","2020","2020","1000 US$","77891","A","Chiffre officiel"
"TCL","Cultures et produits animaux","096","Brunéi Darussalam","5609","Importations - Quantité","1057","Poulets","2020","2020","1000 têtes","1999","A","Chiffre officiel"
"TCL","Cultures et produits animaux","096","Brunéi Darussalam","5622","Importations - Valeur","1057","Poulets","2020","2020","1000 US$","1562","A","Chiffre officiel"
"TCL","Cultures et produits animaux","100","Bulgarie","5609","Importations - Quantité","1057","Poulets","2020","2020","1000 têtes","2551","A","Chiffre officiel"
"TCL","Cultures et produits animaux","100","Bulgarie","5622","Importations - Valeur","1057","Poulets","2020","2020","1000 US$","6941","A","Chiffre officiel"
"TCL","Cultures et produits animaux","100","Bulgarie","5909","Exportations - Quantité","1057","Poulets","2020","2020","1000 têtes","21252","A","Chiffre officiel"
"TCL","Cultures et produits animaux","100","Bulgarie","5922","Exportations - Valeur","1057","Poulets","2020","2020","1000 US$","9001","A","Chiffre officiel"
"TCL","Cultures et produits animaux","854","Burkina Faso","5609","Importations - Quantité","1057","Poulets","2020","2020","1000 têtes","1693","A","Chiffre officiel"
"TCL","Cultures et produits animaux","854","Burkina Faso","5622","Importations - Valeur","1057","Poulets","2020","2020","1000 US$","505","A","Chiffre officiel"
"TCL","Cultures et produits animaux","854","Burkina Faso","5909","Exportations - Quantité","1057","Poulets","2020","2020","1000 têtes","28","A","Chiffre officiel"
"TCL","Cultures et produits animaux","854","Burkina Faso","5922","Exportations - Valeur","1057","Poulets","2020","2020","1000 US$","1","A","Chiffre officiel"
"TCL","Cultures et produits animaux","108","Burundi","5609","Importations - Quantité","1057","Poulets","2020","2020","1000 têtes","1","A","Chiffre officiel"
"TCL","Cultures et produits animaux","108","Burundi","5622","Importations - Valeur","1057","Poulets","2020","2020","1000 US$","9","A","Chiffre officiel"
"TCL","Cultures et produits animaux","132","Cabo Verde","5609","Importations - Quantité","1057","Poulets","2020","2020","1000 têtes","122","T","Chiffre non officiel"
"TCL","Cultures et produits animaux","132","Cabo Verde","5622","Importations - Valeur","1057","Poulets","2020","2020","1000 US$","89","T","Chiffre non officiel"
"TCL","Cultures et produits animaux","116","Cambodge","5609","Importations - Quantité","1057","Poulets","2020","2020","1000 têtes","232","A","Chiffre officiel"
"TCL","Cultures et produits animaux","116","Cambodge","5622","Importations - Valeur","1057","Poulets","2020","2020","1000 US$","1539","A","Chiffre officiel"
"TCL","Cultures et produits animaux","120","Cameroun","5609","Importations - Quantité","1057","Poulets","2020","2020","1000 têtes","661","T","Chiffre non officiel"
"TCL","Cultures et produits animaux","120","Cameroun","5622","Importations - Valeur","1057","Poulets","2020","2020","1000 US$","3136","T","Chiffre non officiel"
"TCL","Cultures et produits animaux","124","Canada","5609","Importations - Quantité","1057","Poulets","2020","2020","1000 têtes","36093","A","Chiffre officiel"
"TCL","Cultures et produits animaux","124","Canada","5622","Importations - Valeur","1057","Poulets","2020","2020","1000 US$","59643","A","Chiffre officiel"
"TCL","Cultures et produits animaux","124","Canada","5909","Exportations - Quantité","1057","Poulets","2020","2020","1000 têtes","2713","A","Chiffre officiel"
"TCL","Cultures et produits animaux","124","Canada","5922","Exportations - Valeur","1057","Poulets","2020","2020","1000 US$","11368","A","Chiffre officiel"
"TCL","Cultures et produits animaux","152","Chili","5609","Importations - Quantité","1057","Poulets","2020","2020","1000 têtes","502","A","Chiffre officiel"
"TCL","Cultures et produits animaux","152","Chili","5622","Importations - Valeur","1057","Poulets","2020","2020","1000 US$","7220","A","Chiffre officiel"
"TCL","Cultures et produits animaux","344","Chine - RAS de Hong-Kong","5609","Importations - Quantité","1057","Poulets","2020","2020","1000 têtes","3617","A","Chiffre officiel"
"TCL","Cultures et produits animaux","344","Chine - RAS de Hong-Kong","5622","Importations - Valeur","1057","Poulets","2020","2020","1000 US$","1685","A","Chiffre officiel"
"TCL","Cultures et produits animaux","446","Chine - RAS de Macao","5609","Importations - Quantité","1057","Poulets","2020","2020","1000 têtes","3000","E","Valeur estimée"
"TCL","Cultures et produits animaux","446","Chine - RAS de Macao","5622","Importations - Valeur","1057","Poulets","2020","2020","1000 US$","18500","E","Valeur estimée"
"TCL","Cultures et produits animaux","156","Chine, continentale","5609","Importations - Quantité","1057","Poulets","2020","2020","1000 têtes","1500","E","Valeur estimée"
"TCL","Cultures et produits animaux","156","Chine, continentale","5622","Importations - Valeur","1057","Poulets","2020","2020","1000 US$","35721","A","Chiffre officiel"
"TCL","Cultures et produits animaux","156","Chine, continentale","5909","Exportations - Quantité","1057","Poulets","2020","2020","1000 têtes","4960","E","Valeur estimée"
"TCL","Cultures et produits animaux","156","Chine, continentale","5922","Exportations - Valeur","1057","Poulets","2020","2020","1000 US$","1839","A","Chiffre officiel"
"TCL","Cultures et produits animaux","158","Chine, Taiwan Province de","5609","Importations - Quantité","1057","Poulets","2020","2020","1000 têtes","418","I","Valeur imputée"
"TCL","Cultures et produits animaux","158","Chine, Taiwan Province de","5622","Importations - Valeur","1057","Poulets","2020","2020","1000 US$","4729","A","Chiffre officiel"
"TCL","Cultures et produits animaux","196","Chypre","5609","Importations - Quantité","1057","Poulets","2020","2020","1000 têtes","418","A","Chiffre officiel"
"TCL","Cultures et produits animaux","196","Chypre","5622","Importations - Valeur","1057","Poulets","2020","2020","1000 US$","900","A","Chiffre officiel"
"TCL","Cultures et produits animaux","170","Colombie","5609","Importations - Quantité","1057","Poulets","2020","2020","1000 têtes","708","I","Valeur imputée"
"TCL","Cultures et produits animaux","170","Colombie","5622","Importations - Valeur","1057","Poulets","2020","2020","1000 US$","18055","A","Chiffre officiel"
"TCL","Cultures et produits animaux","170","Colombie","5909","Exportations - Quantité","1057","Poulets","2020","2020","1000 têtes","1805","I","Valeur imputée"
"TCL","Cultures et produits animaux","170","Colombie","5922","Exportations - Valeur","1057","Poulets","2020","2020","1000 US$","4367","A","Chiffre officiel"
"TCL","Cultures et produits animaux","174","Comores","5609","Importations - Quantité","1057","Poulets","2020","2020","1000 têtes","2","A","Chiffre officiel"
"TCL","Cultures et produits animaux","174","Comores","5622","Importations - Valeur","1057","Poulets","2020","2020","1000 US$","23","A","Chiffre officiel"
"TCL","Cultures et produits animaux","178","Congo","5609","Importations - Quantité","1057","Poulets","2020","2020","1000 têtes","252","A","Chiffre officiel"
"TCL","Cultures et produits animaux","178","Congo","5622","Importations - Valeur","1057","Poulets","2020","2020","1000 US$","128","A","Chiffre officiel"
"TCL","Cultures et produits animaux","178","Congo","5909","Exportations - Quantité","1057","Poulets","2020","2020","1000 têtes","745","A","Chiffre officiel"
"TCL","Cultures et produits animaux","178","Congo","5922","Exportations - Valeur","1057","Poulets","2020","2020","1000 US$","35","A","Chiffre officiel"
"TCL","Cultures et produits animaux","188","Costa Rica","5609","Importations - Quantité","1057","Poulets","2020","2020","1000 têtes","1156","A","Chiffre officiel"
"TCL","Cultures et produits animaux","188","Costa Rica","5622","Importations - Valeur","1057","Poulets","2020","2020","1000 US$","6447","A","Chiffre officiel"
"TCL","Cultures et produits animaux","188","Costa Rica","5909","Exportations - Quantité","1057","Poulets","2020","2020","1000 têtes","10424","A","Chiffre officiel"
"TCL","Cultures et produits animaux","188","Costa Rica","5922","Exportations - Valeur","1057","Poulets","2020","2020","1000 US$","7137","A","Chiffre officiel"
"TCL","Cultures et produits animaux","384","Côte d'Ivoire","5609","Importations - Quantité","1057","Poulets","2020","2020","1000 têtes","1145","A","Chiffre officiel"
"TCL","Cultures et produits animaux","384","Côte d'Ivoire","5622","Importations - Valeur","1057","Poulets","2020","2020","1000 US$","4185","A","Chiffre officiel"
"TCL","Cultures et produits animaux","191","Croatie","5609","Importations - Quantité","1057","Poulets","2020","2020","1000 têtes","8262","A","Chiffre officiel"
"TCL","Cultures et produits animaux","191","Croatie","5622","Importations - Valeur","1057","Poulets","2020","2020","1000 US$","6588","A","Chiffre officiel"
"TCL","Cultures et produits animaux","191","Croatie","5909","Exportations - Quantité","1057","Poulets","2020","2020","1000 têtes","13110","A","Chiffre officiel"
"TCL","Cultures et produits animaux","191","Croatie","5922","Exportations - Valeur","1057","Poulets","2020","2020","1000 US$","9349","A","Chiffre officiel"
"TCL","Cultures et produits animaux","208","Danemark","5609","Importations - Quantité","1057","Poulets","2020","2020","1000 têtes","1881","A","Chiffre officiel"
"TCL","Cultures et produits animaux","208","Danemark","5622","Importations - Valeur","1057","Poulets","2020","2020","1000 US$","9758","A","Chiffre officiel"
"TCL","Cultures et produits animaux","208","Danemark","5909","Exportations - Quantité","1057","Poulets","2020","2020","1000 têtes","61051","A","Chiffre officiel"
"TCL","Cultures et produits animaux","208","Danemark","5922","Exportations - Valeur","1057","Poulets","2020","2020","1000 US$","87570","A","Chiffre officiel"
"TCL","Cultures et produits animaux","212","Dominique","5609","Importations - Quantité","1057","Poulets","2020","2020","1000 têtes","9","T","Chiffre non officiel"
"TCL","Cultures et produits animaux","212","Dominique","5622","Importations - Valeur","1057","Poulets","2020","2020","1000 US$","183","T","Chiffre non officiel"
"TCL","Cultures et produits animaux","818","Égypte","5609","Importations - Quantité","1057","Poulets","2020","2020","1000 têtes","2340","I","Valeur imputée"
"TCL","Cultures et produits animaux","818","Égypte","5622","Importations - Valeur","1057","Poulets","2020","2020","1000 US$","18279","A","Chiffre officiel"
"TCL","Cultures et produits animaux","818","Égypte","5909","Exportations - Quantité","1057","Poulets","2020","2020","1000 têtes","2","I","Valeur imputée"
"TCL","Cultures et produits animaux","818","Égypte","5922","Exportations - Valeur","1057","Poulets","2020","2020","1000 US$","1","A","Chiffre officiel"
"TCL","Cultures et produits animaux","222","El Salvador","5609","Importations - Quantité","1057","Poulets","2020","2020","1000 têtes","6102","A","Chiffre officiel"
"TCL","Cultures et produits animaux","222","El Salvador","5622","Importations - Valeur","1057","Poulets","2020","2020","1000 US$","8120","A","Chiffre officiel"
"TCL","Cultures et produits animaux","222","El Salvador","5909","Exportations - Quantité","1057","Poulets","2020","2020","1000 têtes","12323","A","Chiffre officiel"
"TCL","Cultures et produits animaux","222","El Salvador","5922","Exportations - Valeur","1057","Poulets","2020","2020","1000 US$","7460","A","Chiffre officiel"
"TCL","Cultures et produits animaux","784","Émirats arabes unis","5609","Importations - Quantité","1057","Poulets","2020","2020","1000 têtes","1982","A","Chiffre officiel"
"TCL","Cultures et produits animaux","784","Émirats arabes unis","5622","Importations - Valeur","1057","Poulets","2020","2020","1000 US$","3074","A","Chiffre officiel"
"TCL","Cultures et produits animaux","784","Émirats arabes unis","5909","Exportations - Quantité","1057","Poulets","2020","2020","1000 têtes","997","A","Chiffre officiel"
"TCL","Cultures et produits animaux","784","Émirats arabes unis","5922","Exportations - Valeur","1057","Poulets","2020","2020","1000 US$","1516","A","Chiffre officiel"
"TCL","Cultures et produits animaux","218","Équateur","5609","Importations - Quantité","1057","Poulets","2020","2020","1000 têtes","2429","A","Chiffre officiel"
"TCL","Cultures et produits animaux","218","Équateur","5622","Importations - Valeur","1057","Poulets","2020","2020","1000 US$","17546","A","Chiffre officiel"
"TCL","Cultures et produits animaux","232","Érythrée","5609","Importations - Quantité","1057","Poulets","2020","2020","1000 têtes","81","T","Chiffre non officiel"
"TCL","Cultures et produits animaux","232","Érythrée","5622","Importations - Valeur","1057","Poulets","2020","2020","1000 US$","254","T","Chiffre non officiel"
"TCL","Cultures et produits animaux","724","Espagne","5609","Importations - Quantité","1057","Poulets","2020","2020","1000 têtes","33532","A","Chiffre officiel"
"TCL","Cultures et produits animaux","724","Espagne","5622","Importations - Valeur","1057","Poulets","2020","2020","1000 US$","34991","A","Chiffre officiel"
"TCL","Cultures et produits animaux","724","Espagne","5909","Exportations - Quantité","1057","Poulets","2020","2020","1000 têtes","27320","A","Chiffre officiel"
"TCL","Cultures et produits animaux","724","Espagne","5922","Exportations - Valeur","1057","Poulets","2020","2020","1000 US$","77853","A","Chiffre officiel"
"TCL","Cultures et produits animaux","233","Estonie","5609","Importations - Quantité","1057","Poulets","2020","2020","1000 têtes","13190","A","Chiffre officiel"
"TCL","Cultures et produits animaux","233","Estonie","5622","Importations - Valeur","1057","Poulets","2020","2020","1000 US$","5671","A","Chiffre officiel"
"TCL","Cultures et produits animaux","233","Estonie","5909","Exportations - Quantité","1057","Poulets","2020","2020","1000 têtes","156","A","Chiffre officiel"
"TCL","Cultures et produits animaux","233","Estonie","5922","Exportations - Valeur","1057","Poulets","2020","2020","1000 US$","42","A","Chiffre officiel"
"TCL","Cultures et produits animaux","748","Eswatini","5609","Importations - Quantité","1057","Poulets","2020","2020","1000 têtes","621","A","Chiffre officiel"
"TCL","Cultures et produits animaux","748","Eswatini","5622","Importations - Valeur","1057","Poulets","2020","2020","1000 US$","676","A","Chiffre officiel"
"TCL","Cultures et produits animaux","748","Eswatini","5909","Exportations - Quantité","1057","Poulets","2020","2020","1000 têtes","1011","A","Chiffre officiel"
"TCL","Cultures et produits animaux","748","Eswatini","5922","Exportations - Valeur","1057","Poulets","2020","2020","1000 US$","694","A","Chiffre officiel"
"TCL","Cultures et produits animaux","840","États-Unis d'Amérique","5609","Importations - Quantité","1057","Poulets","2020","2020","1000 têtes","1799","A","Chiffre officiel"
"TCL","Cultures et produits animaux","840","États-Unis d'Amérique","5622","Importations - Valeur","1057","Poulets","2020","2020","1000 US$","7557","A","Chiffre officiel"
"TCL","Cultures et produits animaux","840","États-Unis d'Amérique","5909","Exportations - Quantité","1057","Poulets","2020","2020","1000 têtes","51896","A","Chiffre officiel"
"TCL","Cultures et produits animaux","840","États-Unis d'Amérique","5922","Exportations - Valeur","1057","Poulets","2020","2020","1000 US$","227513","A","Chiffre officiel"
"TCL","Cultures et produits animaux","231","Éthiopie","5609","Importations - Quantité","1057","Poulets","2020","2020","1000 têtes","3","A","Chiffre officiel"
"TCL","Cultures et produits animaux","231","Éthiopie","5622","Importations - Valeur","1057","Poulets","2020","2020","1000 US$","1555","A","Chiffre officiel"
"TCL","Cultures et produits animaux","643","Fédération de Russie","5609","Importations - Quantité","1057","Poulets","2020","2020","1000 têtes","3095","I","Valeur imputée"
"TCL","Cultures et produits animaux","643","Fédération de Russie","5622","Importations - Valeur","1057","Poulets","2020","2020","1000 US$","15626","A","Chiffre officiel"
"TCL","Cultures et produits animaux","643","Fédération de Russie","5909","Exportations - Quantité","1057","Poulets","2020","2020","1000 têtes","11000","E","Valeur estimée"
"TCL","Cultures et produits animaux","643","Fédération de Russie","5922","Exportations - Valeur","1057","Poulets","2020","2020","1000 US$","12049","A","Chiffre officiel"
"TCL","Cultures et produits animaux","242","Fidji","5609","Importations - Quantité","1057","Poulets","2020","2020","1000 têtes","460","A","Chiffre officiel"
"TCL","Cultures et produits animaux","242","Fidji","5622","Importations - Valeur","1057","Poulets","2020","2020","1000 US$","1741","A","Chiffre officiel"
"TCL","Cultures et produits animaux","246","Finlande","5609","Importations - Quantité","1057","Poulets","2020","2020","1000 têtes","631","A","Chiffre officiel"
"TCL","Cultures et produits animaux","246","Finlande","5622","Importations - Valeur","1057","Poulets","2020","2020","1000 US$","2617","A","Chiffre officiel"
"TCL","Cultures et produits animaux","246","Finlande","5909","Exportations - Quantité","1057","Poulets","2020","2020","1000 têtes","14081","A","Chiffre officiel"
"TCL","Cultures et produits animaux","246","Finlande","5922","Exportations - Valeur","1057","Poulets","2020","2020","1000 US$","5590","A","Chiffre officiel"
"TCL","Cultures et produits animaux","250","France","5609","Importations - Quantité","1057","Poulets","2020","2020","1000 têtes","21003","A","Chiffre officiel"
"TCL","Cultures et produits animaux","250","France","5622","Importations - Valeur","1057","Poulets","2020","2020","1000 US$","35067","A","Chiffre officiel"
"TCL","Cultures et produits animaux","250","France","5909","Exportations - Quantité","1057","Poulets","2020","2020","1000 têtes","97918","A","Chiffre officiel"
"TCL","Cultures et produits animaux","250","France","5922","Exportations - Valeur","1057","Poulets","2020","2020","1000 US$","186102","A","Chiffre officiel"
"TCL","Cultures et produits animaux","266","Gabon","5609","Importations - Quantité","1057","Poulets","2020","2020","1000 têtes","307","T","Chiffre non officiel"
"TCL","Cultures et produits animaux","266","Gabon","5622","Importations - Valeur","1057","Poulets","2020","2020","1000 US$","479","T","Chiffre non officiel"
"TCL","Cultures et produits animaux","270","Gambie","5609","Importations - Quantité","1057","Poulets","2020","2020","1000 têtes","5","A","Chiffre officiel"
"TCL","Cultures et produits animaux","270","Gambie","5622","Importations - Valeur","1057","Poulets","2020","2020","1000 US$","0","A","Chiffre officiel"
"TCL","Cultures et produits animaux","268","Géorgie","5609","Importations - Quantité","1057","Poulets","2020","2020","1000 têtes","588","I","Valeur imputée"
"TCL","Cultures et produits animaux","268","Géorgie","5622","Importations - Valeur","1057","Poulets","2020","2020","1000 US$","4151","A","Chiffre officiel"
"TCL","Cultures et produits animaux","268","Géorgie","5909","Exportations - Quantité","1057","Poulets","2020","2020","1000 têtes","315","A","Chiffre officiel"
"TCL","Cultures et produits animaux","268","Géorgie","5922","Exportations - Valeur","1057","Poulets","2020","2020","1000 US$","2308","A","Chiffre officiel"
"TCL","Cultures et produits animaux","288","Ghana","5609","Importations - Quantité","1057","Poulets","2020","2020","1000 têtes","11288","T","Chiffre non officiel"
"TCL","Cultures et produits animaux","288","Ghana","5622","Importations - Valeur","1057","Poulets","2020","2020","1000 US$","13669","T","Chiffre non officiel"
"TCL","Cultures et produits animaux","288","Ghana","5909","Exportations - Quantité","1057","Poulets","2020","2020","1000 têtes","222","T","Chiffre non officiel"
"TCL","Cultures et produits animaux","288","Ghana","5922","Exportations - Valeur","1057","Poulets","2020","2020","1000 US$","1","T","Chiffre non officiel"
"TCL","Cultures et produits animaux","300","Grèce","5609","Importations - Quantité","1057","Poulets","2020","2020","1000 têtes","7176","A","Chiffre officiel"
"TCL","Cultures et produits animaux","300","Grèce","5622","Importations - Valeur","1057","Poulets","2020","2020","1000 US$","8138","A","Chiffre officiel"
"TCL","Cultures et produits animaux","300","Grèce","5909","Exportations - Quantité","1057","Poulets","2020","2020","1000 têtes","3650","A","Chiffre officiel"
"TCL","Cultures et produits animaux","300","Grèce","5922","Exportations - Valeur","1057","Poulets","2020","2020","1000 US$","3959","A","Chiffre officiel"
"TCL","Cultures et produits animaux","308","Grenade","5609","Importations - Quantité","1057","Poulets","2020","2020","1000 têtes","18","A","Chiffre officiel"
"TCL","Cultures et produits animaux","308","Grenade","5622","Importations - Valeur","1057","Poulets","2020","2020","1000 US$","662","A","Chiffre officiel"
"TCL","Cultures et produits animaux","320","Guatemala","5609","Importations - Quantité","1057","Poulets","2020","2020","1000 têtes","12062","A","Chiffre officiel"
"TCL","Cultures et produits animaux","320","Guatemala","5622","Importations - Valeur","1057","Poulets","2020","2020","1000 US$","19182","A","Chiffre officiel"
"TCL","Cultures et produits animaux","320","Guatemala","5909","Exportations - Quantité","1057","Poulets","2020","2020","1000 têtes","4305","A","Chiffre officiel"
"TCL","Cultures et produits animaux","320","Guatemala","5922","Exportations - Valeur","1057","Poulets","2020","2020","1000 US$","2230","A","Chiffre officiel"
"TCL","Cultures et produits animaux","324","Guinée","5609","Importations - Quantité","1057","Poulets","2020","2020","1000 têtes","1159","T","Chiffre non officiel"
"TCL","Cultures et produits animaux","324","Guinée","5622","Importations - Valeur","1057","Poulets","2020","2020","1000 US$","1467","T","Chiffre non officiel"
"TCL","Cultures et produits animaux","324","Guinée","5909","Exportations - Quantité","1057","Poulets","2020","2020","1000 têtes","0","T","Chiffre non officiel"
"TCL","Cultures et produits animaux","324","Guinée","5922","Exportations - Valeur","1057","Poulets","2020","2020","1000 US$","2","T","Chiffre non officiel"
"TCL","Cultures et produits animaux","624","Guinée-Bissau","5609","Importations - Quantité","1057","Poulets","2020","2020","1000 têtes","5","T","Chiffre non officiel"
"TCL","Cultures et produits animaux","624","Guinée-Bissau","5622","Importations - Valeur","1057","Poulets","2020","2020","1000 US$","3","T","Chiffre non officiel"
"TCL","Cultures et produits animaux","328","Guyana","5609","Importations - Quantité","1057","Poulets","2020","2020","1000 têtes","87","A","Chiffre officiel"
"TCL","Cultures et produits animaux","328","Guyana","5622","Importations - Valeur","1057","Poulets","2020","2020","1000 US$","104","A","Chiffre officiel"
"TCL","Cultures et produits animaux","332","Haïti","5609","Importations - Quantité","1057","Poulets","2020","2020","1000 têtes","1199","T","Chiffre non officiel"
"TCL","Cultures et produits animaux","332","Haïti","5622","Importations - Valeur","1057","Poulets","2020","2020","1000 US$","3100","T","Chiffre non officiel"
"TCL","Cultures et produits animaux","340","Honduras","5609","Importations - Quantité","1057","Poulets","2020","2020","1000 têtes","2100","A","Chiffre officiel"
"TCL","Cultures et produits animaux","340","Honduras","5622","Importations - Valeur","1057","Poulets","2020","2020","1000 US$","7435","A","Chiffre officiel"
"TCL","Cultures et produits animaux","340","Honduras","5909","Exportations - Quantité","1057","Poulets","2020","2020","1000 têtes","360","A","Chiffre officiel"
"TCL","Cultures et produits animaux","340","Honduras","5922","Exportations - Valeur","1057","Poulets","2020","2020","1000 US$","199","A","Chiffre officiel"
"TCL","Cultures et produits animaux","348","Hongrie","5609","Importations - Quantité","1057","Poulets","2020","2020","1000 têtes","24734","A","Chiffre officiel"
"TCL","Cultures et produits animaux","348","Hongrie","5622","Importations - Valeur","1057","Poulets","2020","2020","1000 US$","60000","A","Chiffre officiel"
"TCL","Cultures et produits animaux","348","Hongrie","5909","Exportations - Quantité","1057","Poulets","2020","2020","1000 têtes","116879","A","Chiffre officiel"
"TCL","Cultures et produits animaux","348","Hongrie","5922","Exportations - Valeur","1057","Poulets","2020","2020","1000 US$","106232","A","Chiffre officiel"
"TCL","Cultures et produits animaux","184","Îles Cook","5609","Importations - Quantité","1057","Poulets","2020","2020","1000 têtes","2","T","Chiffre non officiel"
"TCL","Cultures et produits animaux","184","Îles Cook","5622","Importations - Valeur","1057","Poulets","2020","2020","1000 US$","10","T","Chiffre non officiel"
"TCL","Cultures et produits animaux","234","Îles Féroé","5609","Importations - Quantité","1057","Poulets","2020","2020","1000 têtes","2","T","Chiffre non officiel"
"TCL","Cultures et produits animaux","234","Îles Féroé","5622","Importations - Valeur","1057","Poulets","2020","2020","1000 US$","18","T","Chiffre non officiel"
"TCL","Cultures et produits animaux","356","Inde","5609","Importations - Quantité","1057","Poulets","2020","2020","1000 têtes","63","A","Chiffre officiel"
"TCL","Cultures et produits animaux","356","Inde","5622","Importations - Valeur","1057","Poulets","2020","2020","1000 US$","2964","A","Chiffre officiel"
"TCL","Cultures et produits animaux","356","Inde","5909","Exportations - Quantité","1057","Poulets","2020","2020","1000 têtes","158","A","Chiffre officiel"
"TCL","Cultures et produits animaux","356","Inde","5922","Exportations - Valeur","1057","Poulets","2020","2020","1000 US$","224","A","Chiffre officiel"
"TCL","Cultures et produits animaux","360","Indonésie","5609","Importations - Quantité","1057","Poulets","2020","2020","1000 têtes","1118","A","Chiffre officiel"
"TCL","Cultures et produits animaux","360","Indonésie","5622","Importations - Valeur","1057","Poulets","2020","2020","1000 US$","31843","A","Chiffre officiel"
"TCL","Cultures et produits animaux","360","Indonésie","5909","Exportations - Quantité","1057","Poulets","2020","2020","1000 têtes","372","A","Chiffre officiel"
"TCL","Cultures et produits animaux","360","Indonésie","5922","Exportations - Valeur","1057","Poulets","2020","2020","1000 US$","286","A","Chiffre officiel"
"TCL","Cultures et produits animaux","364","Iran (République islamique d')","5609","Importations - Quantité","1057","Poulets","2020","2020","1000 têtes","506","T","Chiffre non officiel"
"TCL","Cultures et produits animaux","364","Iran (République islamique d')","5622","Importations - Valeur","1057","Poulets","2020","2020","1000 US$","6673","T","Chiffre non officiel"
"TCL","Cultures et produits animaux","364","Iran (République islamique d')","5909","Exportations - Quantité","1057","Poulets","2020","2020","1000 têtes","475","I","Valeur imputée"
"TCL","Cultures et produits animaux","364","Iran (République islamique d')","5922","Exportations - Valeur","1057","Poulets","2020","2020","1000 US$","239","T","Chiffre non officiel"
"TCL","Cultures et produits animaux","368","Iraq","5609","Importations - Quantité","1057","Poulets","2020","2020","1000 têtes","3817","T","Chiffre non officiel"
"TCL","Cultures et produits animaux","368","Iraq","5622","Importations - Valeur","1057","Poulets","2020","2020","1000 US$","12491","T","Chiffre non officiel"
"TCL","Cultures et produits animaux","372","Irlande","5609","Importations - Quantité","1057","Poulets","2020","2020","1000 têtes","7030","A","Chiffre officiel"
"TCL","Cultures et produits animaux","372","Irlande","5622","Importations - Valeur","1057","Poulets","2020","2020","1000 US$","8750","A","Chiffre officiel"
"TCL","Cultures et produits animaux","372","Irlande","5909","Exportations - Quantité","1057","Poulets","2020","2020","1000 têtes","3341","A","Chiffre officiel"
"TCL","Cultures et produits animaux","372","Irlande","5922","Exportations - Valeur","1057","Poulets","2020","2020","1000 US$","3828","A","Chiffre officiel"
"TCL","Cultures et produits animaux","352","Islande","5609","Importations - Quantité","1057","Poulets","2020","2020","1000 têtes","0","A","Chiffre officiel"
"TCL","Cultures et produits animaux","352","Islande","5622","Importations - Valeur","1057","Poulets","2020","2020","1000 US$","148","A","Chiffre officiel"
"TCL","Cultures et produits animaux","376","Israël","5609","Importations - Quantité","1057","Poulets","2020","2020","1000 têtes","710","I","Valeur imputée"
"TCL","Cultures et produits animaux","376","Israël","5622","Importations - Valeur","1057","Poulets","2020","2020","1000 US$","6045","A","Chiffre officiel"
"TCL","Cultures et produits animaux","380","Italie","5609","Importations - Quantité","1057","Poulets","2020","2020","1000 têtes","6577","A","Chiffre officiel"
"TCL","Cultures et produits animaux","380","Italie","5622","Importations - Valeur","1057","Poulets","2020","2020","1000 US$","16375","A","Chiffre officiel"
"TCL","Cultures et produits animaux","380","Italie","5909","Exportations - Quantité","1057","Poulets","2020","2020","1000 têtes","15413","A","Chiffre officiel"
"TCL","Cultures et produits animaux","380","Italie","5922","Exportations - Valeur","1057","Poulets","2020","2020","1000 US$","8380","A","Chiffre officiel"
"TCL","Cultures et produits animaux","388","Jamaïque","5609","Importations - Quantité","1057","Poulets","2020","2020","1000 têtes","520","A","Chiffre officiel"
"TCL","Cultures et produits animaux","388","Jamaïque","5622","Importations - Valeur","1057","Poulets","2020","2020","1000 US$","1512","A","Chiffre officiel"
"TCL","Cultures et produits animaux","392","Japon","5609","Importations - Quantité","1057","Poulets","2020","2020","1000 têtes","338","A","Chiffre officiel"
"TCL","Cultures et produits animaux","392","Japon","5622","Importations - Valeur","1057","Poulets","2020","2020","1000 US$","6446","A","Chiffre officiel"
"TCL","Cultures et produits animaux","400","Jordanie","5609","Importations - Quantité","1057","Poulets","2020","2020","1000 têtes","156","I","Valeur imputée"
"TCL","Cultures et produits animaux","400","Jordanie","5622","Importations - Valeur","1057","Poulets","2020","2020","1000 US$","12715","A","Chiffre officiel"
"TCL","Cultures et produits animaux","400","Jordanie","5909","Exportations - Quantité","1057","Poulets","2020","2020","1000 têtes","25","I","Valeur imputée"
"TCL","Cultures et produits animaux","400","Jordanie","5922","Exportations - Valeur","1057","Poulets","2020","2020","1000 US$","1054","A","Chiffre officiel"
"TCL","Cultures et produits animaux","398","Kazakhstan","5609","Importations - Quantité","1057","Poulets","2020","2020","1000 têtes","398","A","Chiffre officiel"
"TCL","Cultures et produits animaux","398","Kazakhstan","5622","Importations - Valeur","1057","Poulets","2020","2020","1000 US$","10953","A","Chiffre officiel"
"TCL","Cultures et produits animaux","398","Kazakhstan","5909","Exportations - Quantité","1057","Poulets","2020","2020","1000 têtes","17","A","Chiffre officiel"
"TCL","Cultures et produits animaux","398","Kazakhstan","5922","Exportations - Valeur","1057","Poulets","2020","2020","1000 US$","371","A","Chiffre officiel"
"TCL","Cultures et produits animaux","404","Kenya","5609","Importations - Quantité","1057","Poulets","2020","2020","1000 têtes","540","E","Valeur estimée"
"TCL","Cultures et produits animaux","404","Kenya","5622","Importations - Valeur","1057","Poulets","2020","2020","1000 US$","1446","A","Chiffre officiel"
"TCL","Cultures et produits animaux","404","Kenya","5909","Exportations - Quantité","1057","Poulets","2020","2020","1000 têtes","151","E","Valeur estimée"
"TCL","Cultures et produits animaux","404","Kenya","5922","Exportations - Valeur","1057","Poulets","2020","2020","1000 US$","135","A","Chiffre officiel"
"TCL","Cultures et produits animaux","417","Kirghizistan","5609","Importations - Quantité","1057","Poulets","2020","2020","1000 têtes","3","A","Chiffre officiel"
"TCL","Cultures et produits animaux","417","Kirghizistan","5622","Importations - Valeur","1057","Poulets","2020","2020","1000 US$","120","A","Chiffre officiel"
"TCL","Cultures et produits animaux","417","Kirghizistan","5909","Exportations - Quantité","1057","Poulets","2020","2020","1000 têtes","0","A","Chiffre officiel"
"TCL","Cultures et produits animaux","417","Kirghizistan","5922","Exportations - Valeur","1057","Poulets","2020","2020","1000 US$","0","A","Chiffre officiel"
"TCL","Cultures et produits animaux","414","Koweït","5609","Importations - Quantité","1057","Poulets","2020","2020","1000 têtes","154","A","Chiffre officiel"
"TCL","Cultures et produits animaux","414","Koweït","5622","Importations - Valeur","1057","Poulets","2020","2020","1000 US$","7664","A","Chiffre officiel"
"TCL","Cultures et produits animaux","414","Koweït","5909","Exportations - Quantité","1057","Poulets","2020","2020","1000 têtes","2","A","Chiffre officiel"
"TCL","Cultures et produits animaux","414","Koweït","5922","Exportations - Valeur","1057","Poulets","2020","2020","1000 US$","18","A","Chiffre officiel"
"TCL","Cultures et produits animaux","426","Lesotho","5609","Importations - Quantité","1057","Poulets","2020","2020","1000 têtes","1882","A","Chiffre officiel"
"TCL","Cultures et produits animaux","426","Lesotho","5622","Importations - Valeur","1057","Poulets","2020","2020","1000 US$","2397","A","Chiffre officiel"
"TCL","Cultures et produits animaux","428","Lettonie","5609","Importations - Quantité","1057","Poulets","2020","2020","1000 têtes","2171","A","Chiffre officiel"
"TCL","Cultures et produits animaux","428","Lettonie","5622","Importations - Valeur","1057","Poulets","2020","2020","1000 US$","2936","A","Chiffre officiel"
"TCL","Cultures et produits animaux","428","Lettonie","5909","Exportations - Quantité","1057","Poulets","2020","2020","1000 têtes","2014","A","Chiffre officiel"
"TCL","Cultures et produits animaux","428","Lettonie","5922","Exportations - Valeur","1057","Poulets","2020","2020","1000 US$","1356","A","Chiffre officiel"
"TCL","Cultures et produits animaux","422","Liban","5609","Importations - Quantité","1057","Poulets","2020","2020","1000 têtes","661","A","Chiffre officiel"
"TCL","Cultures et produits animaux","422","Liban","5622","Importations - Valeur","1057","Poulets","2020","2020","1000 US$","4326","A","Chiffre officiel"
"TCL","Cultures et produits animaux","430","Libéria","5609","Importations - Quantité","1057","Poulets","2020","2020","1000 têtes","0","T","Chiffre non officiel"
"TCL","Cultures et produits animaux","430","Libéria","5622","Importations - Valeur","1057","Poulets","2020","2020","1000 US$","0","T","Chiffre non officiel"
"TCL","Cultures et produits animaux","434","Libye","5609","Importations - Quantité","1057","Poulets","2020","2020","1000 têtes","0","T","Chiffre non officiel"
"TCL","Cultures et produits animaux","434","Libye","5622","Importations - Valeur","1057","Poulets","2020","2020","1000 US$","0","T","Chiffre non officiel"
"TCL","Cultures et produits animaux","440","Lituanie","5609","Importations - Quantité","1057","Poulets","2020","2020","1000 têtes","3585","A","Chiffre officiel"
"TCL","Cultures et produits animaux","440","Lituanie","5622","Importations - Valeur","1057","Poulets","2020","2020","1000 US$","5977","A","Chiffre officiel"
"TCL","Cultures et produits animaux","440","Lituanie","5909","Exportations - Quantité","1057","Poulets","2020","2020","1000 têtes","1877","A","Chiffre officiel"
"TCL","Cultures et produits animaux","440","Lituanie","5922","Exportations - Valeur","1057","Poulets","2020","2020","1000 US$","1540","A","Chiffre officiel"
"TCL","Cultures et produits animaux","442","Luxembourg","5609","Importations - Quantité","1057","Poulets","2020","2020","1000 têtes","76","A","Chiffre officiel"
"TCL","Cultures et produits animaux","442","Luxembourg","5622","Importations - Valeur","1057","Poulets","2020","2020","1000 US$","411","A","Chiffre officiel"
"TCL","Cultures et produits animaux","442","Luxembourg","5909","Exportations - Quantité","1057","Poulets","2020","2020","1000 têtes","112","A","Chiffre officiel"
"TCL","Cultures et produits animaux","442","Luxembourg","5922","Exportations - Valeur","1057","Poulets","2020","2020","1000 US$","317","A","Chiffre officiel"
"TCL","Cultures et produits animaux","807","Macédoine du Nord","5609","Importations - Quantité","1057","Poulets","2020","2020","1000 têtes","244","A","Chiffre officiel"
"TCL","Cultures et produits animaux","807","Macédoine du Nord","5622","Importations - Valeur","1057","Poulets","2020","2020","1000 US$","1552","A","Chiffre officiel"
"TCL","Cultures et produits animaux","450","Madagascar","5609","Importations - Quantité","1057","Poulets","2020","2020","1000 têtes","284","A","Chiffre officiel"
"TCL","Cultures et produits animaux","450","Madagascar","5622","Importations - Valeur","1057","Poulets","2020","2020","1000 US$","847","A","Chiffre officiel"
"TCL","Cultures et produits animaux","458","Malaisie","5609","Importations - Quantité","1057","Poulets","2020","2020","1000 têtes","1647","A","Chiffre officiel"
"TCL","Cultures et produits animaux","458","Malaisie","5622","Importations - Valeur","1057","Poulets","2020","2020","1000 US$","16613","A","Chiffre officiel"
"TCL","Cultures et produits animaux","458","Malaisie","5909","Exportations - Quantité","1057","Poulets","2020","2020","1000 têtes","56491","A","Chiffre officiel"
"TCL","Cultures et produits animaux","458","Malaisie","5922","Exportations - Valeur","1057","Poulets","2020","2020","1000 US$","153489","A","Chiffre officiel"
"TCL","Cultures et produits animaux","454","Malawi","5609","Importations - Quantité","1057","Poulets","2020","2020","1000 têtes","22","A","Chiffre officiel"
"TCL","Cultures et produits animaux","454","Malawi","5622","Importations - Valeur","1057","Poulets","2020","2020","1000 US$","1891","A","Chiffre officiel"
"TCL","Cultures et produits animaux","454","Malawi","5909","Exportations - Quantité","1057","Poulets","2020","2020","1000 têtes","196","A","Chiffre officiel"
"TCL","Cultures et produits animaux","454","Malawi","5922","Exportations - Valeur","1057","Poulets","2020","2020","1000 US$","628","A","Chiffre officiel"
"TCL","Cultures et produits animaux","462","Maldives","5609","Importations - Quantité","1057","Poulets","2020","2020","1000 têtes","10","T","Chiffre non officiel"
"TCL","Cultures et produits animaux","462","Maldives","5622","Importations - Valeur","1057","Poulets","2020","2020","1000 US$","15","T","Chiffre non officiel"
"TCL","Cultures et produits animaux","466","Mali","5609","Importations - Quantité","1057","Poulets","2020","2020","1000 têtes","2262","T","Chiffre non officiel"
"TCL","Cultures et produits animaux","466","Mali","5622","Importations - Valeur","1057","Poulets","2020","2020","1000 US$","2283","T","Chiffre non officiel"
"TCL","Cultures et produits animaux","504","Maroc","5609","Importations - Quantité","1057","Poulets","2020","2020","1000 têtes","4893","I","Valeur imputée"
"TCL","Cultures et produits animaux","504","Maroc","5622","Importations - Valeur","1057","Poulets","2020","2020","1000 US$","20950","A","Chiffre officiel"
"TCL","Cultures et produits animaux","504","Maroc","5909","Exportations - Quantité","1057","Poulets","2020","2020","1000 têtes","21","A","Chiffre officiel"
"TCL","Cultures et produits animaux","504","Maroc","5922","Exportations - Valeur","1057","Poulets","2020","2020","1000 US$","429","A","Chiffre officiel"
"TCL","Cultures et produits animaux","480","Maurice","5609","Importations - Quantité","1057","Poulets","2020","2020","1000 têtes","201","I","Valeur imputée"
"TCL","Cultures et produits animaux","480","Maurice","5622","Importations - Valeur","1057","Poulets","2020","2020","1000 US$","987","A","Chiffre officiel"
"TCL","Cultures et produits animaux","480","Maurice","5909","Exportations - Quantité","1057","Poulets","2020","2020","1000 têtes","122","I","Valeur imputée"
"TCL","Cultures et produits animaux","480","Maurice","5922","Exportations - Valeur","1057","Poulets","2020","2020","1000 US$","193","A","Chiffre officiel"
"TCL","Cultures et produits animaux","478","Mauritanie","5609","Importations - Quantité","1057","Poulets","2020","2020","1000 têtes","15","A","Chiffre officiel"
"TCL","Cultures et produits animaux","478","Mauritanie","5622","Importations - Valeur","1057","Poulets","2020","2020","1000 US$","2","A","Chiffre officiel"
"TCL","Cultures et produits animaux","484","Mexique","5609","Importations - Quantité","1057","Poulets","2020","2020","1000 têtes","921","I","Valeur imputée"
"TCL","Cultures et produits animaux","484","Mexique","5622","Importations - Valeur","1057","Poulets","2020","2020","1000 US$","12929","A","Chiffre officiel"
"TCL","Cultures et produits animaux","499","Monténégro","5609","Importations - Quantité","1057","Poulets","2020","2020","1000 têtes","166","A","Chiffre officiel"
"TCL","Cultures et produits animaux","499","Monténégro","5622","Importations - Valeur","1057","Poulets","2020","2020","1000 US$","1226","A","Chiffre officiel"
"TCL","Cultures et produits animaux","499","Monténégro","5909","Exportations - Quantité","1057","Poulets","2020","2020","1000 têtes","202","A","Chiffre officiel"
"TCL","Cultures et produits animaux","499","Monténégro","5922","Exportations - Valeur","1057","Poulets","2020","2020","1000 US$","80","A","Chiffre officiel"
"TCL","Cultures et produits animaux","508","Mozambique","5609","Importations - Quantité","1057","Poulets","2020","2020","1000 têtes","1404","A","Chiffre officiel"
"TCL","Cultures et produits animaux","508","Mozambique","5622","Importations - Valeur","1057","Poulets","2020","2020","1000 US$","4148","A","Chiffre officiel"
"TCL","Cultures et produits animaux","104","Myanmar","5609","Importations - Quantité","1057","Poulets","2020","2020","1000 têtes","8508","A","Chiffre officiel"
"TCL","Cultures et produits animaux","104","Myanmar","5622","Importations - Valeur","1057","Poulets","2020","2020","1000 US$","5604","A","Chiffre officiel"
"TCL","Cultures et produits animaux","104","Myanmar","5909","Exportations - Quantité","1057","Poulets","2020","2020","1000 têtes","18","A","Chiffre officiel"
"TCL","Cultures et produits animaux","104","Myanmar","5922","Exportations - Valeur","1057","Poulets","2020","2020","1000 US$","43","A","Chiffre officiel"
"TCL","Cultures et produits animaux","516","Namibie","5609","Importations - Quantité","1057","Poulets","2020","2020","1000 têtes","3926","A","Chiffre officiel"
"TCL","Cultures et produits animaux","516","Namibie","5622","Importations - Valeur","1057","Poulets","2020","2020","1000 US$","1307","A","Chiffre officiel"
"TCL","Cultures et produits animaux","516","Namibie","5909","Exportations - Quantité","1057","Poulets","2020","2020","1000 têtes","2","A","Chiffre officiel"
"TCL","Cultures et produits animaux","516","Namibie","5922","Exportations - Valeur","1057","Poulets","2020","2020","1000 US$","1","A","Chiffre officiel"
"TCL","Cultures et produits animaux","524","Népal","5609","Importations - Quantité","1057","Poulets","2020","2020","1000 têtes","752","A","Chiffre officiel"
"TCL","Cultures et produits animaux","524","Népal","5622","Importations - Valeur","1057","Poulets","2020","2020","1000 US$","6952","A","Chiffre officiel"
"TCL","Cultures et produits animaux","558","Nicaragua","5609","Importations - Quantité","1057","Poulets","2020","2020","1000 têtes","10706","A","Chiffre officiel"
"TCL","Cultures et produits animaux","558","Nicaragua","5622","Importations - Valeur","1057","Poulets","2020","2020","1000 US$","9729","A","Chiffre officiel"
"TCL","Cultures et produits animaux","562","Niger","5609","Importations - Quantité","1057","Poulets","2020","2020","1000 têtes","53","A","Chiffre officiel"
"TCL","Cultures et produits animaux","562","Niger","5622","Importations - Valeur","1057","Poulets","2020","2020","1000 US$","46","A","Chiffre officiel"
"TCL","Cultures et produits animaux","566","Nigéria","5609","Importations - Quantité","1057","Poulets","2020","2020","1000 têtes","57","T","Chiffre non officiel"
"TCL","Cultures et produits animaux","566","Nigéria","5622","Importations - Valeur","1057","Poulets","2020","2020","1000 US$","1224","T","Chiffre non officiel"
"TCL","Cultures et produits animaux","566","Nigéria","5909","Exportations - Quantité","1057","Poulets","2020","2020","1000 têtes","2","T","Chiffre non officiel"
"TCL","Cultures et produits animaux","566","Nigéria","5922","Exportations - Valeur","1057","Poulets","2020","2020","1000 US$","0","T","Chiffre non officiel"
"TCL","Cultures et produits animaux","570","Nioué","5609","Importations - Quantité","1057","Poulets","2020","2020","1000 têtes","0","T","Chiffre non officiel"
"TCL","Cultures et produits animaux","570","Nioué","5622","Importations - Valeur","1057","Poulets","2020","2020","1000 US$","2","T","Chiffre non officiel"
"TCL","Cultures et produits animaux","578","Norvège","5609","Importations - Quantité","1057","Poulets","2020","2020","1000 têtes","0","A","Chiffre officiel"
"TCL","Cultures et produits animaux","578","Norvège","5622","Importations - Valeur","1057","Poulets","2020","2020","1000 US$","334","A","Chiffre officiel"
"TCL","Cultures et produits animaux","578","Norvège","5909","Exportations - Quantité","1057","Poulets","2020","2020","1000 têtes","10","A","Chiffre officiel"
"TCL","Cultures et produits animaux","578","Norvège","5922","Exportations - Valeur","1057","Poulets","2020","2020","1000 US$","31","A","Chiffre officiel"
"TCL","Cultures et produits animaux","540","Nouvelle-Calédonie","5609","Importations - Quantité","1057","Poulets","2020","2020","1000 têtes","5","T","Chiffre non officiel"
"TCL","Cultures et produits animaux","540","Nouvelle-Calédonie","5622","Importations - Valeur","1057","Poulets","2020","2020","1000 US$","30","T","Chiffre non officiel"
"TCL","Cultures et produits animaux","554","Nouvelle-Zélande","5909","Exportations - Quantité","1057","Poulets","2020","2020","1000 têtes","2227","A","Chiffre officiel"
"TCL","Cultures et produits animaux","554","Nouvelle-Zélande","5922","Exportations - Valeur","1057","Poulets","2020","2020","1000 US$","31927","A","Chiffre officiel"
"TCL","Cultures et produits animaux","512","Oman","5609","Importations - Quantité","1057","Poulets","2020","2020","1000 têtes","84","A","Chiffre officiel"
"TCL","Cultures et produits animaux","512","Oman","5622","Importations - Valeur","1057","Poulets","2020","2020","1000 US$","2335","A","Chiffre officiel"
"TCL","Cultures et produits animaux","512","Oman","5909","Exportations - Quantité","1057","Poulets","2020","2020","1000 têtes","3","A","Chiffre officiel"
"TCL","Cultures et produits animaux","512","Oman","5922","Exportations - Valeur","1057","Poulets","2020","2020","1000 US$","2","A","Chiffre officiel"
"TCL","Cultures et produits animaux","800","Ouganda","5609","Importations - Quantité","1057","Poulets","2020","2020","1000 têtes","276","A","Chiffre officiel"
"TCL","Cultures et produits animaux","800","Ouganda","5622","Importations - Valeur","1057","Poulets","2020","2020","1000 US$","6395","A","Chiffre officiel"
"TCL","Cultures et produits animaux","800","Ouganda","5909","Exportations - Quantité","1057","Poulets","2020","2020","1000 têtes","331","A","Chiffre officiel"
"TCL","Cultures et produits animaux","800","Ouganda","5922","Exportations - Valeur","1057","Poulets","2020","2020","1000 US$","2094","A","Chiffre officiel"
"TCL","Cultures et produits animaux","860","Ouzbékistan","5609","Importations - Quantité","1057","Poulets","2020","2020","1000 têtes","2182","A","Chiffre officiel"
"TCL","Cultures et produits animaux","860","Ouzbékistan","5622","Importations - Valeur","1057","Poulets","2020","2020","1000 US$","10456","A","Chiffre officiel"
"TCL","Cultures et produits animaux","860","Ouzbékistan","5909","Exportations - Quantité","1057","Poulets","2020","2020","1000 têtes","6602","A","Chiffre officiel"
"TCL","Cultures et produits animaux","860","Ouzbékistan","5922","Exportations - Valeur","1057","Poulets","2020","2020","1000 US$","3883","A","Chiffre officiel"
"TCL","Cultures et produits animaux","586","Pakistan","5609","Importations - Quantité","1057","Poulets","2020","2020","1000 têtes","418","A","Chiffre officiel"
"TCL","Cultures et produits animaux","586","Pakistan","5622","Importations - Valeur","1057","Poulets","2020","2020","1000 US$","7418","A","Chiffre officiel"
"TCL","Cultures et produits animaux","586","Pakistan","5909","Exportations - Quantité","1057","Poulets","2020","2020","1000 têtes","29592","A","Chiffre officiel"
"TCL","Cultures et produits animaux","586","Pakistan","5922","Exportations - Valeur","1057","Poulets","2020","2020","1000 US$","8626","A","Chiffre officiel"
"TCL","Cultures et produits animaux","275","Palestine","5609","Importations - Quantité","1057","Poulets","2020","2020","1000 têtes","777","I","Valeur imputée"
"TCL","Cultures et produits animaux","275","Palestine","5622","Importations - Valeur","1057","Poulets","2020","2020","1000 US$","2649","A","Chiffre officiel"
"TCL","Cultures et produits animaux","591","Panama","5609","Importations - Quantité","1057","Poulets","2020","2020","1000 têtes","1248","A","Chiffre officiel"
"TCL","Cultures et produits animaux","591","Panama","5622","Importations - Valeur","1057","Poulets","2020","2020","1000 US$","7802","A","Chiffre officiel"
"TCL","Cultures et produits animaux","591","Panama","5909","Exportations - Quantité","1057","Poulets","2020","2020","1000 têtes","502","A","Chiffre officiel"
"TCL","Cultures et produits animaux","591","Panama","5922","Exportations - Valeur","1057","Poulets","2020","2020","1000 US$","41","A","Chiffre officiel"
"TCL","Cultures et produits animaux","598","Papouasie-Nouvelle-Guinée","5609","Importations - Quantité","1057","Poulets","2020","2020","1000 têtes","228","T","Chiffre non officiel"
"TCL","Cultures et produits animaux","598","Papouasie-Nouvelle-Guinée","5622","Importations - Valeur","1057","Poulets","2020","2020","1000 US$","1519","T","Chiffre non officiel"
"TCL","Cultures et produits animaux","600","Paraguay","5609","Importations - Quantité","1057","Poulets","2020","2020","1000 têtes","15288","A","Chiffre officiel"
"TCL","Cultures et produits animaux","600","Paraguay","5622","Importations - Valeur","1057","Poulets","2020","2020","1000 US$","10107","A","Chiffre officiel"
"TCL","Cultures et produits animaux","528","Pays-Bas (Royaume des)","5609","Importations - Quantité","1057","Poulets","2020","2020","1000 têtes","410911","A","Chiffre officiel"
"TCL","Cultures et produits animaux","528","Pays-Bas (Royaume des)","5622","Importations - Valeur","1057","Poulets","2020","2020","1000 US$","685167","A","Chiffre officiel"
"TCL","Cultures et produits animaux","528","Pays-Bas (Royaume des)","5909","Exportations - Quantité","1057","Poulets","2020","2020","1000 têtes","269877","A","Chiffre officiel"
"TCL","Cultures et produits animaux","528","Pays-Bas (Royaume des)","5922","Exportations - Valeur","1057","Poulets","2020","2020","1000 US$","313790","A","Chiffre officiel"
"TCL","Cultures et produits animaux","604","Pérou","5609","Importations - Quantité","1057","Poulets","2020","2020","1000 têtes","24","A","Chiffre officiel"
"TCL","Cultures et produits animaux","604","Pérou","5622","Importations - Valeur","1057","Poulets","2020","2020","1000 US$","13307","A","Chiffre officiel"
"TCL","Cultures et produits animaux","608","Philippines","5609","Importations - Quantité","1057","Poulets","2020","2020","1000 têtes","48","A","Chiffre officiel"
"TCL","Cultures et produits animaux","608","Philippines","5622","Importations - Valeur","1057","Poulets","2020","2020","1000 US$","921","A","Chiffre officiel"
"TCL","Cultures et produits animaux","608","Philippines","5909","Exportations - Quantité","1057","Poulets","2020","2020","1000 têtes","2","A","Chiffre officiel"
"TCL","Cultures et produits animaux","608","Philippines","5922","Exportations - Valeur","1057","Poulets","2020","2020","1000 US$","88","A","Chiffre officiel"
"TCL","Cultures et produits animaux","616","Pologne","5609","Importations - Quantité","1057","Poulets","2020","2020","1000 têtes","93128","A","Chiffre officiel"
"TCL","Cultures et produits animaux","616","Pologne","5622","Importations - Valeur","1057","Poulets","2020","2020","1000 US$","96278","A","Chiffre officiel"
"TCL","Cultures et produits animaux","616","Pologne","5909","Exportations - Quantité","1057","Poulets","2020","2020","1000 têtes","69535","A","Chiffre officiel"
"TCL","Cultures et produits animaux","616","Pologne","5922","Exportations - Valeur","1057","Poulets","2020","2020","1000 US$","29691","A","Chiffre officiel"
"TCL","Cultures et produits animaux","258","Polynésie française","5609","Importations - Quantité","1057","Poulets","2020","2020","1000 têtes","10","A","Chiffre officiel"
"TCL","Cultures et produits animaux","258","Polynésie française","5622","Importations - Valeur","1057","Poulets","2020","2020","1000 US$","550","A","Chiffre officiel"
"TCL","Cultures et produits animaux","620","Portugal","5609","Importations - Quantité","1057","Poulets","2020","2020","1000 têtes","14683","A","Chiffre officiel"
"TCL","Cultures et produits animaux","620","Portugal","5622","Importations - Valeur","1057","Poulets","2020","2020","1000 US$","23600","A","Chiffre officiel"
"TCL","Cultures et produits animaux","620","Portugal","5909","Exportations - Quantité","1057","Poulets","2020","2020","1000 têtes","29082","A","Chiffre officiel"
"TCL","Cultures et produits animaux","620","Portugal","5922","Exportations - Valeur","1057","Poulets","2020","2020","1000 US$","13997","A","Chiffre officiel"
"TCL","Cultures et produits animaux","634","Qatar","5609","Importations - Quantité","1057","Poulets","2020","2020","1000 têtes","735","A","Chiffre officiel"
"TCL","Cultures et produits animaux","634","Qatar","5622","Importations - Valeur","1057","Poulets","2020","2020","1000 US$","910","A","Chiffre officiel"
"TCL","Cultures et produits animaux","760","République arabe syrienne","5609","Importations - Quantité","1057","Poulets","2020","2020","1000 têtes","23509","T","Chiffre non officiel"
"TCL","Cultures et produits animaux","760","République arabe syrienne","5622","Importations - Valeur","1057","Poulets","2020","2020","1000 US$","29703","T","Chiffre non officiel"
"TCL","Cultures et produits animaux","760","République arabe syrienne","5909","Exportations - Quantité","1057","Poulets","2020","2020","1000 têtes","0","T","Chiffre non officiel"
"TCL","Cultures et produits animaux","760","République arabe syrienne","5922","Exportations - Valeur","1057","Poulets","2020","2020","1000 US$","4","T","Chiffre non officiel"
"TCL","Cultures et produits animaux","410","République de Corée","5609","Importations - Quantité","1057","Poulets","2020","2020","1000 têtes","730","A","Chiffre officiel"
"TCL","Cultures et produits animaux","410","République de Corée","5622","Importations - Valeur","1057","Poulets","2020","2020","1000 US$","10970","A","Chiffre officiel"
"TCL","Cultures et produits animaux","410","République de Corée","5909","Exportations - Quantité","1057","Poulets","2020","2020","1000 têtes","4","A","Chiffre officiel"
"TCL","Cultures et produits animaux","410","République de Corée","5922","Exportations - Valeur","1057","Poulets","2020","2020","1000 US$","27","A","Chiffre officiel"
"TCL","Cultures et produits animaux","498","République de Moldova","5609","Importations - Quantité","1057","Poulets","2020","2020","1000 têtes","3070","T","Chiffre non officiel"
"TCL","Cultures et produits animaux","498","République de Moldova","5622","Importations - Valeur","1057","Poulets","2020","2020","1000 US$","1580","A","Chiffre officiel"
"TCL","Cultures et produits animaux","180","République démocratique du Congo","5609","Importations - Quantité","1057","Poulets","2020","2020","1000 têtes","41","A","Chiffre officiel"
"TCL","Cultures et produits animaux","180","République démocratique du Congo","5622","Importations - Valeur","1057","Poulets","2020","2020","1000 US$","422","A","Chiffre officiel"
"TCL","Cultures et produits animaux","418","République démocratique populaire lao","5609","Importations - Quantité","1057","Poulets","2020","2020","1000 têtes","5483","A","Chiffre officiel"
"TCL","Cultures et produits animaux","418","République démocratique populaire lao","5622","Importations - Valeur","1057","Poulets","2020","2020","1000 US$","4372","A","Chiffre officiel"
"TCL","Cultures et produits animaux","418","République démocratique populaire lao","5909","Exportations - Quantité","1057","Poulets","2020","2020","1000 têtes","1082","A","Chiffre officiel"
"TCL","Cultures et produits animaux","418","République démocratique populaire lao","5922","Exportations - Valeur","1057","Poulets","2020","2020","1000 US$","2350","A","Chiffre officiel"
"TCL","Cultures et produits animaux","214","République dominicaine","5609","Importations - Quantité","1057","Poulets","2020","2020","1000 têtes","1994","I","Valeur imputée"
"TCL","Cultures et produits animaux","214","République dominicaine","5622","Importations - Valeur","1057","Poulets","2020","2020","1000 US$","3476","A","Chiffre officiel"
"TCL","Cultures et produits animaux","214","République dominicaine","5909","Exportations - Quantité","1057","Poulets","2020","2020","1000 têtes","711","A","Chiffre officiel"
"TCL","Cultures et produits animaux","214","République dominicaine","5922","Exportations - Valeur","1057","Poulets","2020","2020","1000 US$","2395","A","Chiffre officiel"
"TCL","Cultures et produits animaux","834","République-Unie de Tanzanie","5609","Importations - Quantité","1057","Poulets","2020","2020","1000 têtes","934","A","Chiffre officiel"
"TCL","Cultures et produits animaux","834","République-Unie de Tanzanie","5622","Importations - Valeur","1057","Poulets","2020","2020","1000 US$","2970","A","Chiffre officiel"
"TCL","Cultures et produits animaux","834","République-Unie de Tanzanie","5909","Exportations - Quantité","1057","Poulets","2020","2020","1000 têtes","2374","A","Chiffre officiel"
"TCL","Cultures et produits animaux","834","République-Unie de Tanzanie","5922","Exportations - Valeur","1057","Poulets","2020","2020","1000 US$","1472","A","Chiffre officiel"
"TCL","Cultures et produits animaux","642","Roumanie","5609","Importations - Quantité","1057","Poulets","2020","2020","1000 têtes","114665","A","Chiffre officiel"
"TCL","Cultures et produits animaux","642","Roumanie","5622","Importations - Valeur","1057","Poulets","2020","2020","1000 US$","60038","A","Chiffre officiel"
"TCL","Cultures et produits animaux","642","Roumanie","5909","Exportations - Quantité","1057","Poulets","2020","2020","1000 têtes","17660","A","Chiffre officiel"
"TCL","Cultures et produits animaux","642","Roumanie","5922","Exportations - Valeur","1057","Poulets","2020","2020","1000 US$","33607","A","Chiffre officiel"
"TCL","Cultures et produits animaux","826","Royaume-Uni de Grande-Bretagne et d'Irlande du Nord","5609","Importations - Quantité","1057","Poulets","2020","2020","1000 têtes","8455","T","Chiffre non officiel"
"TCL","Cultures et produits animaux","826","Royaume-Uni de Grande-Bretagne et d'Irlande du Nord","5622","Importations - Valeur","1057","Poulets","2020","2020","1000 US$","11596","A","Chiffre officiel"
"TCL","Cultures et produits animaux","826","Royaume-Uni de Grande-Bretagne et d'Irlande du Nord","5909","Exportations - Quantité","1057","Poulets","2020","2020","1000 têtes","19841","I","Valeur imputée"
"TCL","Cultures et produits animaux","826","Royaume-Uni de Grande-Bretagne et d'Irlande du Nord","5922","Exportations - Valeur","1057","Poulets","2020","2020","1000 US$","180078","A","Chiffre officiel"
"TCL","Cultures et produits animaux","646","Rwanda","5609","Importations - Quantité","1057","Poulets","2020","2020","1000 têtes","341","A","Chiffre officiel"
"TCL","Cultures et produits animaux","646","Rwanda","5622","Importations - Valeur","1057","Poulets","2020","2020","1000 US$","1001","A","Chiffre officiel"
"TCL","Cultures et produits animaux","646","Rwanda","5909","Exportations - Quantité","1057","Poulets","2020","2020","1000 têtes","1118","A","Chiffre officiel"
"TCL","Cultures et produits animaux","646","Rwanda","5922","Exportations - Valeur","1057","Poulets","2020","2020","1000 US$","487","A","Chiffre officiel"
"TCL","Cultures et produits animaux","662","Sainte-Lucie","5609","Importations - Quantité","1057","Poulets","2020","2020","1000 têtes","57","A","Chiffre officiel"
"TCL","Cultures et produits animaux","662","Sainte-Lucie","5622","Importations - Valeur","1057","Poulets","2020","2020","1000 US$","61","A","Chiffre officiel"
"TCL","Cultures et produits animaux","659","Saint-Kitts-et-Nevis","5609","Importations - Quantité","1057","Poulets","2020","2020","1000 têtes","18","T","Chiffre non officiel"
"TCL","Cultures et produits animaux","659","Saint-Kitts-et-Nevis","5622","Importations - Valeur","1057","Poulets","2020","2020","1000 US$","49","T","Chiffre non officiel"
"TCL","Cultures et produits animaux","670","Saint-Vincent-et-les Grenadines","5609","Importations - Quantité","1057","Poulets","2020","2020","1000 têtes","2","T","Chiffre non officiel"
"TCL","Cultures et produits animaux","670","Saint-Vincent-et-les Grenadines","5622","Importations - Valeur","1057","Poulets","2020","2020","1000 US$","39","T","Chiffre non officiel"
"TCL","Cultures et produits animaux","882","Samoa","5609","Importations - Quantité","1057","Poulets","2020","2020","1000 têtes","6","T","Chiffre non officiel"
"TCL","Cultures et produits animaux","882","Samoa","5622","Importations - Valeur","1057","Poulets","2020","2020","1000 US$","105","T","Chiffre non officiel"
"TCL","Cultures et produits animaux","678","Sao Tomé-et-Principe","5609","Importations - Quantité","1057","Poulets","2020","2020","1000 têtes","88","A","Chiffre officiel"
"TCL","Cultures et produits animaux","678","Sao Tomé-et-Principe","5622","Importations - Valeur","1057","Poulets","2020","2020","1000 US$","111","A","Chiffre officiel"
"TCL","Cultures et produits animaux","686","Sénégal","5609","Importations - Quantité","1057","Poulets","2020","2020","1000 têtes","213","A","Chiffre officiel"
"TCL","Cultures et produits animaux","686","Sénégal","5622","Importations - Valeur","1057","Poulets","2020","2020","1000 US$","1091","A","Chiffre officiel"
"TCL","Cultures et produits animaux","686","Sénégal","5909","Exportations - Quantité","1057","Poulets","2020","2020","1000 têtes","79","A","Chiffre officiel"
"TCL","Cultures et produits animaux","686","Sénégal","5922","Exportations - Valeur","1057","Poulets","2020","2020","1000 US$","69","A","Chiffre officiel"
"TCL","Cultures et produits animaux","688","Serbie","5609","Importations - Quantité","1057","Poulets","2020","2020","1000 têtes","13414","A","Chiffre officiel"
"TCL","Cultures et produits animaux","688","Serbie","5622","Importations - Valeur","1057","Poulets","2020","2020","1000 US$","5555","A","Chiffre officiel"
"TCL","Cultures et produits animaux","688","Serbie","5909","Exportations - Quantité","1057","Poulets","2020","2020","1000 têtes","37262","A","Chiffre officiel"
"TCL","Cultures et produits animaux","688","Serbie","5922","Exportations - Valeur","1057","Poulets","2020","2020","1000 US$","2780","A","Chiffre officiel"
"TCL","Cultures et produits animaux","690","Seychelles","5609","Importations - Quantité","1057","Poulets","2020","2020","1000 têtes","55","I","Valeur imputée"
"TCL","Cultures et produits animaux","690","Seychelles","5622","Importations - Valeur","1057","Poulets","2020","2020","1000 US$","241","A","Chiffre officiel"
"TCL","Cultures et produits animaux","694","Sierra Leone","5609","Importations - Quantité","1057","Poulets","2020","2020","1000 têtes","65","T","Chiffre non officiel"
"TCL","Cultures et produits animaux","694","Sierra Leone","5622","Importations - Valeur","1057","Poulets","2020","2020","1000 US$","76","T","Chiffre non officiel"
"TCL","Cultures et produits animaux","702","Singapour","5609","Importations - Quantité","1057","Poulets","2020","2020","1000 têtes","51990","I","Valeur imputée"
"TCL","Cultures et produits animaux","702","Singapour","5622","Importations - Valeur","1057","Poulets","2020","2020","1000 US$","147930","A","Chiffre officiel"
"TCL","Cultures et produits animaux","702","Singapour","5909","Exportations - Quantité","1057","Poulets","2020","2020","1000 têtes","0","A","Chiffre officiel"
"TCL","Cultures et produits animaux","702","Singapour","5922","Exportations - Valeur","1057","Poulets","2020","2020","1000 US$","1","A","Chiffre officiel"
"TCL","Cultures et produits animaux","703","Slovaquie","5609","Importations - Quantité","1057","Poulets","2020","2020","1000 têtes","66159","A","Chiffre officiel"
"TCL","Cultures et produits animaux","703","Slovaquie","5622","Importations - Valeur","1057","Poulets","2020","2020","1000 US$","35008","A","Chiffre officiel"
"TCL","Cultures et produits animaux","703","Slovaquie","5909","Exportations - Quantité","1057","Poulets","2020","2020","1000 têtes","50004","A","Chiffre officiel"
"TCL","Cultures et produits animaux","703","Slovaquie","5922","Exportations - Valeur","1057","Poulets","2020","2020","1000 US$","32420","A","Chiffre officiel"
"TCL","Cultures et produits animaux","705","Slovénie","5609","Importations - Quantité","1057","Poulets","2020","2020","1000 têtes","6762","A","Chiffre officiel"
"TCL","Cultures et produits animaux","705","Slovénie","5622","Importations - Valeur","1057","Poulets","2020","2020","1000 US$","5581","A","Chiffre officiel"
"TCL","Cultures et produits animaux","705","Slovénie","5909","Exportations - Quantité","1057","Poulets","2020","2020","1000 têtes","1921","A","Chiffre officiel"
"TCL","Cultures et produits animaux","705","Slovénie","5922","Exportations - Valeur","1057","Poulets","2020","2020","1000 US$","1798","A","Chiffre officiel"
"TCL","Cultures et produits animaux","706","Somalie","5609","Importations - Quantité","1057","Poulets","2020","2020","1000 têtes","27","T","Chiffre non officiel"
"TCL","Cultures et produits animaux","706","Somalie","5622","Importations - Valeur","1057","Poulets","2020","2020","1000 US$","32","T","Chiffre non officiel"
"TCL","Cultures et produits animaux","729","Soudan","5609","Importations - Quantité","1057","Poulets","2020","2020","1000 têtes","306","T","Chiffre non officiel"
"TCL","Cultures et produits animaux","729","Soudan","5622","Importations - Valeur","1057","Poulets","2020","2020","1000 US$","1985","T","Chiffre non officiel"
"TCL","Cultures et produits animaux","728","Soudan du Sud","5609","Importations - Quantité","1057","Poulets","2020","2020","1000 têtes","12","T","Chiffre non officiel"
"TCL","Cultures et produits animaux","728","Soudan du Sud","5622","Importations - Valeur","1057","Poulets","2020","2020","1000 US$","14","T","Chiffre non officiel"
"TCL","Cultures et produits animaux","144","Sri Lanka","5609","Importations - Quantité","1057","Poulets","2020","2020","1000 têtes","313","A","Chiffre officiel"
"TCL","Cultures et produits animaux","144","Sri Lanka","5622","Importations - Valeur","1057","Poulets","2020","2020","1000 US$","3266","A","Chiffre officiel"
"TCL","Cultures et produits animaux","144","Sri Lanka","5909","Exportations - Quantité","1057","Poulets","2020","2020","1000 têtes","63","A","Chiffre officiel"
"TCL","Cultures et produits animaux","144","Sri Lanka","5922","Exportations - Valeur","1057","Poulets","2020","2020","1000 US$","222","A","Chiffre officiel"
"TCL","Cultures et produits animaux","752","Suède","5609","Importations - Quantité","1057","Poulets","2020","2020","1000 têtes","351","A","Chiffre officiel"
"TCL","Cultures et produits animaux","752","Suède","5622","Importations - Valeur","1057","Poulets","2020","2020","1000 US$","6828","A","Chiffre officiel"
"TCL","Cultures et produits animaux","752","Suède","5909","Exportations - Quantité","1057","Poulets","2020","2020","1000 têtes","5982","A","Chiffre officiel"
"TCL","Cultures et produits animaux","752","Suède","5922","Exportations - Valeur","1057","Poulets","2020","2020","1000 US$","14369","A","Chiffre officiel"
"TCL","Cultures et produits animaux","756","Suisse","5609","Importations - Quantité","1057","Poulets","2020","2020","1000 têtes","423","I","Valeur imputée"
"TCL","Cultures et produits animaux","756","Suisse","5622","Importations - Valeur","1057","Poulets","2020","2020","1000 US$","2835","A","Chiffre officiel"
"TCL","Cultures et produits animaux","756","Suisse","5909","Exportations - Quantité","1057","Poulets","2020","2020","1000 têtes","1628","A","Chiffre officiel"
"TCL","Cultures et produits animaux","756","Suisse","5922","Exportations - Valeur","1057","Poulets","2020","2020","1000 US$","697","A","Chiffre officiel"
"TCL","Cultures et produits animaux","740","Suriname","5609","Importations - Quantité","1057","Poulets","2020","2020","1000 têtes","77","A","Chiffre officiel"
"TCL","Cultures et produits animaux","740","Suriname","5622","Importations - Valeur","1057","Poulets","2020","2020","1000 US$","432","A","Chiffre officiel"
"TCL","Cultures et produits animaux","762","Tadjikistan","5609","Importations - Quantité","1057","Poulets","2020","2020","1000 têtes","5367","A","Chiffre officiel"
"TCL","Cultures et produits animaux","762","Tadjikistan","5622","Importations - Valeur","1057","Poulets","2020","2020","1000 US$","3557","A","Chiffre officiel"
"TCL","Cultures et produits animaux","762","Tadjikistan","5909","Exportations - Quantité","1057","Poulets","2020","2020","1000 têtes","55","A","Chiffre officiel"
"TCL","Cultures et produits animaux","762","Tadjikistan","5922","Exportations - Valeur","1057","Poulets","2020","2020","1000 US$","11","A","Chiffre officiel"
"TCL","Cultures et produits animaux","148","Tchad","5609","Importations - Quantité","1057","Poulets","2020","2020","1000 têtes","45","T","Chiffre non officiel"
"TCL","Cultures et produits animaux","148","Tchad","5622","Importations - Valeur","1057","Poulets","2020","2020","1000 US$","79","T","Chiffre non officiel"
"TCL","Cultures et produits animaux","203","Tchéquie","5609","Importations - Quantité","1057","Poulets","2020","2020","1000 têtes","7349","A","Chiffre officiel"
"TCL","Cultures et produits animaux","203","Tchéquie","5622","Importations - Valeur","1057","Poulets","2020","2020","1000 US$","20235","A","Chiffre officiel"
"TCL","Cultures et produits animaux","203","Tchéquie","5909","Exportations - Quantité","1057","Poulets","2020","2020","1000 têtes","96529","A","Chiffre officiel"
"TCL","Cultures et produits animaux","203","Tchéquie","5922","Exportations - Valeur","1057","Poulets","2020","2020","1000 US$","53939","A","Chiffre officiel"
"TCL","Cultures et produits animaux","764","Thaïlande","5609","Importations - Quantité","1057","Poulets","2020","2020","1000 têtes","911","T","Chiffre non officiel"
"TCL","Cultures et produits animaux","764","Thaïlande","5622","Importations - Valeur","1057","Poulets","2020","2020","1000 US$","25096","A","Chiffre officiel"
"TCL","Cultures et produits animaux","764","Thaïlande","5909","Exportations - Quantité","1057","Poulets","2020","2020","1000 têtes","11927","A","Chiffre officiel"
"TCL","Cultures et produits animaux","764","Thaïlande","5922","Exportations - Valeur","1057","Poulets","2020","2020","1000 US$","19472","A","Chiffre officiel"
"TCL","Cultures et produits animaux","626","Timor-Leste","5609","Importations - Quantité","1057","Poulets","2020","2020","1000 têtes","360","T","Chiffre non officiel"
"TCL","Cultures et produits animaux","626","Timor-Leste","5622","Importations - Valeur","1057","Poulets","2020","2020","1000 US$","315","T","Chiffre non officiel"
"TCL","Cultures et produits animaux","768","Togo","5609","Importations - Quantité","1057","Poulets","2020","2020","1000 têtes","495","A","Chiffre officiel"
"TCL","Cultures et produits animaux","768","Togo","5622","Importations - Valeur","1057","Poulets","2020","2020","1000 US$","82","A","Chiffre officiel"
"TCL","Cultures et produits animaux","768","Togo","5909","Exportations - Quantité","1057","Poulets","2020","2020","1000 têtes","60","A","Chiffre officiel"
"TCL","Cultures et produits animaux","768","Togo","5922","Exportations - Valeur","1057","Poulets","2020","2020","1000 US$","9","A","Chiffre officiel"
"TCL","Cultures et produits animaux","776","Tonga","5609","Importations - Quantité","1057","Poulets","2020","2020","1000 têtes","83","T","Chiffre non officiel"
"TCL","Cultures et produits animaux","776","Tonga","5622","Importations - Valeur","1057","Poulets","2020","2020","1000 US$","152","T","Chiffre non officiel"
"TCL","Cultures et produits animaux","780","Trinité-et-Tobago","5609","Importations - Quantité","1057","Poulets","2020","2020","1000 têtes","41","A","Chiffre officiel"
"TCL","Cultures et produits animaux","780","Trinité-et-Tobago","5622","Importations - Valeur","1057","Poulets","2020","2020","1000 US$","1152","A","Chiffre officiel"
"TCL","Cultures et produits animaux","788","Tunisie","5609","Importations - Quantité","1057","Poulets","2020","2020","1000 têtes","1190","T","Chiffre non officiel"
"TCL","Cultures et produits animaux","788","Tunisie","5622","Importations - Valeur","1057","Poulets","2020","2020","1000 US$","4918","T","Chiffre non officiel"
"TCL","Cultures et produits animaux","788","Tunisie","5909","Exportations - Quantité","1057","Poulets","2020","2020","1000 têtes","4","T","Chiffre non officiel"
"TCL","Cultures et produits animaux","788","Tunisie","5922","Exportations - Valeur","1057","Poulets","2020","2020","1000 US$","27","T","Chiffre non officiel"
"TCL","Cultures et produits animaux","795","Turkménistan","5609","Importations - Quantité","1057","Poulets","2020","2020","1000 têtes","452","T","Chiffre non officiel"
"TCL","Cultures et produits animaux","795","Turkménistan","5622","Importations - Valeur","1057","Poulets","2020","2020","1000 US$","846","T","Chiffre non officiel"
"TCL","Cultures et produits animaux","792","Turquie","5609","Importations - Quantité","1057","Poulets","2020","2020","1000 têtes","1133","I","Valeur imputée"
"TCL","Cultures et produits animaux","792","Turquie","5622","Importations - Valeur","1057","Poulets","2020","2020","1000 US$","7912","A","Chiffre officiel"
"TCL","Cultures et produits animaux","792","Turquie","5909","Exportations - Quantité","1057","Poulets","2020","2020","1000 têtes","28094","A","Chiffre officiel"
"TCL","Cultures et produits animaux","792","Turquie","5922","Exportations - Valeur","1057","Poulets","2020","2020","1000 US$","46086","A","Chiffre officiel"
"TCL","Cultures et produits animaux","804","Ukraine","5609","Importations - Quantité","1057","Poulets","2020","2020","1000 têtes","95279","I","Valeur imputée"
"TCL","Cultures et produits animaux","804","Ukraine","5622","Importations - Valeur","1057","Poulets","2020","2020","1000 US$","56032","A","Chiffre officiel"
"TCL","Cultures et produits animaux","804","Ukraine","5909","Exportations - Quantité","1057","Poulets","2020","2020","1000 têtes","0","A","Chiffre officiel"
"TCL","Cultures et produits animaux","804","Ukraine","5922","Exportations - Valeur","1057","Poulets","2020","2020","1000 US$","1","A","Chiffre officiel"
"TCL","Cultures et produits animaux","858","Uruguay","5609","Importations - Quantité","1057","Poulets","2020","2020","1000 têtes","172","I","Valeur imputée"
"TCL","Cultures et produits animaux","858","Uruguay","5622","Importations - Valeur","1057","Poulets","2020","2020","1000 US$","2906","A","Chiffre officiel"
"TCL","Cultures et produits animaux","548","Vanuatu","5609","Importations - Quantité","1057","Poulets","2020","2020","1000 têtes","56","T","Chiffre non officiel"
"TCL","Cultures et produits animaux","548","Vanuatu","5622","Importations - Valeur","1057","Poulets","2020","2020","1000 US$","112","T","Chiffre non officiel"
"TCL","Cultures et produits animaux","704","Viet Nam","5609","Importations - Quantité","1057","Poulets","2020","2020","1000 têtes","6557","I","Valeur imputée"
"TCL","Cultures et produits animaux","704","Viet Nam","5622","Importations - Valeur","1057","Poulets","2020","2020","1000 US$","22216","A","Chiffre officiel"
"TCL","Cultures et produits animaux","704","Viet Nam","5909","Exportations - Quantité","1057","Poulets","2020","2020","1000 têtes","429","I","Valeur imputée"
"TCL","Cultures et produits animaux","704","Viet Nam","5922","Exportations - Valeur","1057","Poulets","2020","2020","1000 US$","408","A","Chiffre officiel"
"TCL","Cultures et produits animaux","887","Yémen","5609","Importations - Quantité","1057","Poulets","2020","2020","1000 têtes","2500","E","Valeur estimée"
"TCL","Cultures et produits animaux","887","Yémen","5622","Importations - Valeur","1057","Poulets","2020","2020","1000 US$","7200","E","Valeur estimée"
"TCL","Cultures et produits animaux","894","Zambie","5609","Importations - Quantité","1057","Poulets","2020","2020","1000 têtes","333","A","Chiffre officiel"
"TCL","Cultures et produits animaux","894","Zambie","5622","Importations - Valeur","1057","Poulets","2020","2020","1000 US$","3380","A","Chiffre officiel"
"TCL","Cultures et produits animaux","894","Zambie","5909","Exportations - Quantité","1057","Poulets","2020","2020","1000 têtes","1328","A","Chiffre officiel"
"TCL","Cultures et produits animaux","894","Zambie","5922","Exportations - Valeur","1057","Poulets","2020","2020","1000 US$","5880","A","Chiffre officiel"
"TCL","Cultures et produits animaux","716","Zimbabwe","5609","Importations - Quantité","1057","Poulets","2020","2020","1000 têtes","280","I","Valeur imputée"
"TCL","Cultures et produits animaux","716","Zimbabwe","5622","Importations - Valeur","1057","Poulets","2020","2020","1000 US$","3084","A","Chiffre officiel"
"TCL","Cultures et produits animaux","716","Zimbabwe","5909","Exportations - Quantité","1057","Poulets","2020","2020","1000 têtes","248","I","Valeur imputée"
"TCL","Cultures et produits animaux","716","Zimbabwe","5922","Exportations - Valeur","1057","Poulets","2020","2020","1000 US$","1201","A","Chiffre officiel"
